Cumulative_Return,Volatility,Sharpe_Ratio,Max_Drawdown,portfolio_type
0.10743428778002406,0.12590196718693544,0.2115868184501099,-0.031194004380174722,min_eigenvector
0.11460347659465997,0.12630217534947516,0.22404708675031085,-0.03206911615603947,max_eigenvector
0.04537795126135458,0.1208736510178813,0.09779060004438199,-0.039845289945576456,weighted_sector
0.03365234269201567,0.11595587879576917,0.07670367691483428,-0.05116855658273245,random
0.057879349764247134,0.13820415460807367,0.10857638699225622,-0.052968118897279814,random
0.07005488712937291,0.13988249382308848,0.12833795357135658,-0.04116097108715433,random
0.05136737630818855,0.10663054411584855,0.12363469398551721,-0.0333397658334742,random
0.051336746051382276,0.10365993399003087,0.12691549053258933,-0.03647878232264479,random
0.0407400431849716,0.12508322926613866,0.08564551521581243,-0.037849968643339116,random
0.046073971701104055,0.11210692204470711,0.10638861842241226,-0.04759056370486725,random
0.07240501025375368,0.10108835533861434,0.1802851461464807,-0.028992804959124485,random
0.07256737447619899,0.1246943278724084,0.14779221953228316,-0.03965801300881444,random
0.05998548637442336,0.13023941902427355,0.11861721748829164,-0.041015742166347735,random
0.023596780746560908,0.14542349315880682,0.04558268611865627,-0.07221205011991061,random
0.02881640362692628,0.11502425644600923,0.06681498624618351,-0.052491269871678736,random
0.03436343652500096,0.12581781091404137,0.07267837235979087,-0.04775567228311117,random
0.0487180016393165,0.1191842396943247,0.10592431274534474,-0.04734828070140662,random
0.016286259807576142,0.13815809579760238,0.03422523132946895,-0.05894138878740074,random
0.03374384714384315,0.11230515674212403,0.07915698249016312,-0.04238300358464542,random
0.05123751698250634,0.1339696326753674,0.09969022207585003,-0.04752449457264829,random
0.04336307659332306,0.11888456162846499,0.09514105604262063,-0.05197144740165949,random
0.08448729823700085,0.1189653557912022,0.17836636519819243,-0.03828609062416821,random
0.090200016202723,0.12094705225876698,0.1866991596543384,-0.04661569241224306,random
0.08763377609828149,0.11949853150420221,0.1838183142750639,-0.03984738229096163,random
0.0873015783825557,0.11795493561529502,0.18545679292557576,-0.03204630406863296,random
0.07274569101171369,0.1072646111616235,0.17103301496165563,-0.02897236036925155,random
0.04438617804848932,0.11673554286248981,0.09890978971828952,-0.03467200308917928,random
0.07717936978638318,0.12777081085815947,0.15303096112380107,-0.044414754307046445,random
0.06483216208180176,0.11517927531515934,0.14328269730377513,-0.04011252668312448,random
0.06046477198013278,0.1114712867793503,0.13836401873268303,-0.03313878791101721,random
0.063828760359536,0.11415367609756315,0.14238661043116754,-0.04502148308397791,random
0.049148048288078616,0.12611154606793357,0.10135738256425081,-0.049866950260927134,random
0.07104205180792023,0.14612864625038935,0.12485690417939914,-0.05484727103362441,random
0.0501864897707045,0.12287187814259108,0.10589681860840557,-0.04133456556723447,random
0.05377641088033669,0.1251984932515082,0.1110537947998357,-0.04447579628986731,random
0.03305194073304296,0.1123225821233258,0.07763079510274448,-0.05289244737064769,random
0.08976365331221503,0.11196803309776615,0.20017421565179305,-0.03399667106227944,random
0.07072417186554802,0.1250481882776203,0.14387323069564947,-0.0426838721983146,random
0.060438055643372124,0.1153143429903694,0.13393571986235067,-0.04785554744507925,random
0.07723613384890649,0.12291485864666524,0.15887962556975793,-0.03968611536124411,random
0.061935635371337616,0.13665607395499832,0.1168762803769286,-0.04206685128446508,random
0.08103095844331332,0.12426298456573996,0.16450004887826336,-0.04570293556284233,random
0.04558856352804841,0.11508532768313158,0.10279034807855274,-0.04130099870253001,random
0.01359316427943158,0.11867758078554995,0.03281605242401901,-0.06044325844585663,random
0.0664790178467698,0.1318874811002706,0.12910981520318965,-0.0503896130302135,random
0.038082086830913076,0.13631227078938818,0.07445932821413136,-0.04659967935200571,random
0.08252089343250324,0.1293648542735728,0.16104390033541052,-0.04761787762207015,random
0.05673820433054333,0.13659084397261587,0.10772896261190228,-0.04340615346336674,random
0.04571506059731667,0.11021002719870189,0.10730727805301138,-0.03987365861614678,random
0.08370681753884113,0.13395057292785,0.15790556856880558,-0.04458019172164607,random
0.08206854671742159,0.14519192991963834,0.1436750610173194,-0.044303477179711725,random
0.057201488470459916,0.11495613251969572,0.12751476546658155,-0.04156926987907661,random
0.04284331534590624,0.12249057474634191,0.09152250842072863,-0.04346676112852421,random
0.0721107435261128,0.121180268785157,0.15096307716513133,-0.04951923394938773,random
0.0423736864984523,0.11927783446462968,0.0928114563632474,-0.04254577631415113,random
0.08305728260416068,0.14610679225676623,0.1444354820063261,-0.04550449839212645,random
0.08638372463194433,0.12985851822476494,0.1675040581075457,-0.04211540454018303,random
0.10780691298233025,0.11572040461811234,0.23030936255187212,-0.037549666309573904,random
0.0481721981454446,0.13159004370704067,0.09564873221047869,-0.048158270060449926,random
0.08462417036925762,0.13966059371213857,0.1533494584051191,-0.04158242703879311,random
0.06926986769401067,0.12377815831963557,0.14245331187089838,-0.04846984306283908,random
0.06662143748873639,0.15980540608607705,0.10834030451395507,-0.05723751889468287,random
0.1250080199416832,0.11839668087928577,0.25863757944809546,-0.03267986419748825,random
0.042177396414470714,0.13452154959751397,0.08283132243731013,-0.0571963983194449,random
0.05041333904600043,0.11100262973933527,0.11693569362519751,-0.03768061834217662,random
0.049189098481521976,0.10467851977167408,0.12073539086320798,-0.03426754252210895,random
0.07321705213730811,0.10296426891488376,0.1790051218733684,-0.0328043124835643,random
0.05495290887972848,0.12018025748299692,0.11774733175936997,-0.03791298863792558,random
0.03379934529173445,0.10977716879389353,0.08095433520843365,-0.04618343815383463,random
0.0426370936959668,0.12849900281304727,0.08719743902727099,-0.035317248913599775,random
0.09371838485952022,0.13138068636575218,0.17878398860149233,-0.04457485837006914,random
0.04197665558685837,0.13668614902309217,0.08128768751829629,-0.059211276454340434,random
0.05066780909446944,0.12330776611217945,0.10649075679759153,-0.04863211388609667,random
0.025528341914275332,0.12906685528359585,0.054024022584012836,-0.04336959217050573,random
0.06232887754417371,0.1329835734752559,0.12060262007646234,-0.048133231252764364,random
0.08458020707029701,0.14108583855582016,0.15182049359229788,-0.044894315343534386,random
0.07068854466854524,0.1274905567770033,0.14119376667831843,-0.03695921956776316,random
0.0395905100362508,0.1191098192979897,0.08718269521622055,-0.034597431423639136,random
0.04792567107754375,0.11645825914629825,0.10657011259836227,-0.03783955321386134,random
0.0646068940216864,0.12597311671738365,0.13121557636228517,-0.038940136826910665,random
0.02393620437741606,0.1116683942793834,0.05770455669835546,-0.03884919740140136,random
0.10034294603725291,0.11744807031162562,0.21225860906667407,-0.041741871479553105,random
0.08702375559468001,0.12611908306479963,0.17341660826616406,-0.03280374972022759,random
0.029448951023623327,0.11930054986521244,0.06600213178645013,-0.04618775127261188,random
0.04355086013615583,0.11977885189927433,0.09487079962330297,-0.04069119825304546,random
0.02812911175943711,0.1267078243448922,0.05999556442634702,-0.0586412019975977,random
0.07336920987077966,0.13347669572610502,0.14003731650440326,-0.04218956626130954,random
0.060370473775600564,0.12410798241053282,0.1248350078848231,-0.03943539883051561,random
0.07211332686909189,0.1280847118927515,0.14324696619273203,-0.046141154451442956,random
0.06234402784924331,0.11611634749312931,0.1370139369842662,-0.03342969665007822,random
0.05111084168325708,0.11771964898053185,0.11211057306859863,-0.05292840909388896,random
0.09797543895748273,0.10887024376092004,0.22335805905107994,-0.052125839783792705,random
0.09586699256351539,0.13206135610855074,0.1817149057453422,-0.03400143118278787,random
0.047496424294492634,0.13099722404118477,0.09479460225152543,-0.05888547179674153,random
0.07598910814021331,0.13690110003169156,0.14129546324331427,-0.0443648643921728,random
0.07765700973747869,0.13797016282293173,0.14314310448404474,-0.03686696776743392,random
0.08320242228197916,0.11591975794101256,0.1802337565514777,-0.03709202565176539,random
0.05324558876928842,0.12291554133590551,0.11191036676118875,-0.05613331799204746,random
0.06910970600015132,0.11426089471834712,0.15336303212095323,-0.035321452533464526,random
0.07332567743311635,0.12735250012729157,0.14629205913453416,-0.039025343416833835,random
0.057610087916868835,0.09477728994965748,0.15432406759633852,-0.029502566783670803,random
0.06751256571380515,0.11701549760400264,0.14664928812025116,-0.03471297065408674,random
0.06977076778074931,0.1150392987205116,0.15375593499210408,-0.03364460216727139,random
0.09343751050880345,0.11799007957381902,0.19763726137035706,-0.03711536485825506,random
0.046615269788233826,0.11342771199065624,0.10640120503442348,-0.0365574520058235,random
0.021952249780473165,0.12434341684002106,0.04857647270775237,-0.05340982766880298,random
0.07308709430587856,0.11926238264991408,0.15521407621799652,-0.03591004398214981,random
0.05514620219700794,0.12657574488489526,0.11256434020457612,-0.0438560033805655,random
0.07638391466304517,0.1051354866834287,0.18262346491415327,-0.03552778907918164,random
0.060924207658415774,0.11478091127268877,0.13555051812427962,-0.04141448808088499,random
0.04592033815215646,0.10392010372769286,0.11387813907694502,-0.029009556137253534,random
0.06102641038262102,0.10736209666285541,0.14466486793539218,-0.0353433030202035,random
0.08664621064409328,0.12264710978560353,0.1773982972625061,-0.03660107396201295,random
0.046854656691826424,0.12865115545120778,0.09515895647567243,-0.04923680812563758,random
0.07714675046494701,0.11524565553106308,0.16877353713638266,-0.03700137271942883,random
0.0766456604693273,0.13923135133164613,0.14020227597835355,-0.04062089018254733,random
0.04266640806031874,0.10842149879108623,0.10207157797323034,-0.03919407787952456,random
0.04789041039462716,0.13017398675799213,0.09607869799178372,-0.04640684458398425,random
0.061036838226018686,0.1130001543305114,0.13780860921786833,-0.036245117078949174,random
0.05239506976437314,0.12938613125707457,0.10510245355773475,-0.05373440534589358,random
0.011909748193428937,0.12254452829205653,0.028537491220461984,-0.04593775342372919,random
0.11131222694620013,0.12924112217368197,0.2132652221613252,-0.050719528699756156,random
0.10639989552854523,0.13158879268983362,0.20097399950865122,-0.0394413584252582,random
0.0636756866266206,0.11006739678097223,0.14707574497484244,-0.03738246396926015,random
0.07455600850378308,0.11198179799917185,0.1679776672592409,-0.033486501291572046,random
0.05252882721194618,0.1072593221842637,0.12559382598803764,-0.03656670731057954,random
0.08480876158946948,0.11140336156142482,0.19065854511243766,-0.03496211178304309,random
0.05464853584252549,0.11148105480642298,0.1257117216171595,-0.039382674227258274,random
0.05699579831475843,0.1238853636992947,0.11845633505153341,-0.03647627425758637,random
0.04729636890963573,0.12424702077320579,0.09912346897708119,-0.049047775237921254,random
0.0687603977136595,0.14791447140524316,0.11976274067732304,-0.05074174803688891,random
0.05931433185795809,0.10464898791785124,0.14429219872062843,-0.03694277905375931,random
0.06458841320717057,0.1425081683545098,0.11693123440095843,-0.0651130158832185,random
0.06469598217172945,0.137953001125609,0.12068585759601323,-0.044102818181361636,random
0.10463642136523066,0.11826491973698128,0.2192880041255006,-0.032709389048381055,random
0.043722753995171004,0.13692398125787955,0.08429689446590384,-0.05487302293657892,random
0.08375533205390617,0.12643667696131886,0.1669036116990373,-0.03948386841763285,random
0.04653264892563169,0.10152154691501301,0.11789754167812383,-0.03629075325016595,random
0.06752760825151771,0.12020624390180558,0.14298599449241928,-0.039878200085962434,random
0.05151351703527007,0.12805659032273034,0.1044445861755369,-0.042323155389870526,random
0.07095390802128598,0.13887167645877055,0.13076534548697047,-0.056197484732345204,random
0.06211144340383168,0.12632668207288833,0.1261104458012327,-0.051968686446144274,random
0.056019897189227175,0.1193081514433183,0.12072624506884719,-0.041672873579066017,random
0.030838210032876567,0.1141200454632379,0.07170203405990982,-0.05375803725637007,random
0.1018212457346872,0.11163240195686872,0.22602882608994138,-0.03671537401338898,random
0.026430642689688977,0.15485485171441205,0.04795197029703037,-0.05404528135064823,random
0.03975134061039354,0.13168249193912976,0.07989458267446951,-0.04433008658877435,random
0.07342777263966682,0.14045497201034446,0.1335990323463657,-0.05063840055045854,random
0.06592939948300836,0.13363792857886286,0.12653825969247826,-0.05218813711960668,random
0.092750382864214,0.09540139192556558,0.2411786420469286,-0.03180558913301135,random
0.0459278483225154,0.10861566946177949,0.10926112593790166,-0.04169897733888994,random
0.07302060984909509,0.13643184534503477,0.13657154488974993,-0.04888761563886912,random
0.02239012057171519,0.11493538467075275,0.052901256043567206,-0.04088783392382944,random
0.03635011283122225,0.1093968685062493,0.08698235097180686,-0.04271848592111316,random
0.03546775791936563,0.12867135878232794,0.07336287796751591,-0.04659126609364139,random
0.06067148454801141,0.10895998801116817,0.14185802143987017,-0.034866764395894645,random
0.04816095577524249,0.13519718463025712,0.09331249405210958,-0.03940365720636274,random
0.08663778747663398,0.1337855101497217,0.16327450674421073,-0.04319823602985595,random
0.08914006799858654,0.12418371583488982,0.18001849289981975,-0.04890161335633403,random
0.07512242653618695,0.09391508474043023,0.2004973836711962,-0.02289990490179805,random
0.041411004383179906,0.12924247631370714,0.0844135678475742,-0.04244636031706506,random
0.06549601279929895,0.12539579383972177,0.13349245428698425,-0.05070179557236909,random
0.02917657557813924,0.12494442165879469,0.06282268663524218,-0.0545993609608072,random
0.05575046431435937,0.12475898138993237,0.11525386495058279,-0.04010347756049715,random
0.06027992636735546,0.13510858084281235,0.11516482679128438,-0.0514813055664427,random
0.018454688603462666,0.11772786980378884,0.0434228024631496,-0.04103738279494995,random
0.06400263070748369,0.10701693192893189,0.1518130714051419,-0.028501009975721137,random
0.06668544957404654,0.13963174877277032,0.12276510412086955,-0.04504794422157543,random
0.06275486508279271,0.12433399025125198,0.12926192186580557,-0.04354042418046744,random
0.019113139328291062,0.15110562926033486,0.03677547703204312,-0.05853356861219505,random
0.08142632367087832,0.11537060404568117,0.1774102248427806,-0.047605041080458044,random
0.07636692810730783,0.10731636495918725,0.1790066505819086,-0.033045254742567254,random
0.04410524328368526,0.12823578948265316,0.09018002025095681,-0.052900252024553174,random
0.07488327884710899,0.12776327052580227,0.14876341162832038,-0.04141942058077319,random
0.09403200159450198,0.1072909209141363,0.21794940676920155,-0.040410150217965235,random
0.0706810933822708,0.1074066635833547,0.16621357685812077,-0.03621784134034267,random
0.06248724614873291,0.13603079485028724,0.11836053285441618,-0.04945426615943338,random
0.05557608892437438,0.10689435775925475,0.13292270682302684,-0.03676483913410655,random
0.09411101119033138,0.1157280695575491,0.20272527387545636,-0.03744851434619745,random
0.05078375955154191,0.13085865884503783,0.10102694080449383,-0.04813853328490858,random
0.08019128530382158,0.13645197160966113,0.14906399956870953,-0.042497958006382675,random
0.03020960449044341,0.14815322002974352,0.056038573948820385,-0.07972694740342001,random
0.0462519929004821,0.13550082289672452,0.08967651755330669,-0.06790423150073444,random
0.04251067686590493,0.12504734850911298,0.08915389195081928,-0.05146062472770152,random
0.03348910632071922,0.14140817537079692,0.06404480563261596,-0.06521095845406943,random
0.06280397514795699,0.13325976975594975,0.12122583976062411,-0.045894173369180113,random
0.04570127129391088,0.11843030455575947,0.1003209532541521,-0.035038645784978506,random
0.058953912532215824,0.12689850588372983,0.11956802403147274,-0.04316438502891573,random
0.05679378280746383,0.132750382854727,0.11070207599246742,-0.053156979805008664,random
0.08085230906368168,0.11011344834262346,0.18431104896883233,-0.028333714821793476,random
0.06964188745054711,0.13034666928924937,0.13635942716907776,-0.04196541608022464,random
0.07604599518769684,0.14596131976065382,0.13317608886933383,-0.04643087447824312,random
0.054908816091323365,0.11708533290807993,0.12056986435823804,-0.03430214940812826,random
0.05521594405103758,0.17231044865932002,0.08523873949381038,-0.07086907768354589,random
0.12546709750695761,0.10913149471851373,0.28095761676177633,-0.03741025534892939,random
0.07789098754151169,0.12271046347108226,0.1604046684416747,-0.039223871785571185,random
0.018657018836194084,0.12215201230365944,0.0425433461747751,-0.05229411315077215,random
0.04652583340317795,0.12766904036617754,0.09518804933308511,-0.043302450060136,random
0.042984788639813365,0.1512638971628531,0.07595656651472057,-0.05760534408424012,random
0.026419780859427533,0.11412565754448527,0.06205931996689846,-0.04927742997791251,random
0.09781830922930745,0.13950487024832442,0.17573807485159956,-0.04557976730569724,random
0.07221573157175687,0.1308658113280816,0.14055134274517356,-0.05599999584685411,random
0.09602216896783777,0.11225608725916271,0.21276812130110415,-0.02995981414091664,random
0.08688258055860887,0.09580918723635451,0.22576238903620013,-0.026925495537112876,random
0.061738761290076605,0.10424277374773176,0.15044739638692112,-0.029906854284728723,random
0.02931500802321496,0.11647268699960378,0.0671412161722606,-0.04879059244697914,random
0.03886775959064592,0.14498841455340084,0.07185161090429008,-0.05391065126736572,random
0.05723247256300956,0.13415521506131092,0.11043464183712923,-0.04481414794709315,random
0.03838334360376905,0.13584396968270265,0.07523416583785612,-0.0520531569328162,random
0.06121058461812323,0.11826241964928726,0.13235690858174992,-0.040185771295293105,random
0.09265841630704452,0.13378685816849636,0.17385544184357504,-0.04024792767778684,random
0.10150917443916141,0.1323017820239546,0.1913579547102434,-0.04836246654698684,random
0.05635383409821926,0.1344839399124026,0.10858767169819324,-0.04238315250906388,random
0.0027633062005443243,0.11977180370946136,0.009611923139667898,-0.0681624206052982,random
0.03503684419904074,0.13462839276864613,0.0696924804826086,-0.0683247134294267,random
0.0822541617275867,0.13157224289624964,0.15800150628014142,-0.04215798272678961,random
0.07894189215825409,0.12177192455238128,0.1636323814579185,-0.045840358302057016,random
0.06660709388555985,0.13578687455842336,0.125861990231292,-0.04643302008471761,random
0.07367175958760885,0.11554700132050737,0.16118970255613815,-0.04005363160251507,random
0.046236962296907436,0.11443323678083551,0.1047143067728046,-0.034541351609789106,random
0.054803320766678265,0.12210815694313124,0.11570819408991355,-0.03538357218343813,random
0.01931907150361023,0.12462846335093618,0.0431835867372522,-0.04844080094010106,random
0.07590507650750888,0.1414473663509453,0.13689935325873964,-0.0452200694288315,random
0.06665762572869327,0.11105412410189928,0.1522956029484246,-0.03439252000981763,random
0.029667009201570282,0.11870812775576345,0.06675746398260247,-0.04736748022130255,random
0.06599370112656144,0.12707949903689647,0.1327665056257016,-0.043275600953748605,random
0.012748399696462354,0.12052589978718677,0.03065469231570159,-0.05394823232844381,random
0.03620419824576482,0.1372268893924368,0.07063477274199864,-0.055018185001989406,random
0.05945356448421224,0.12464782811467448,0.12255145366961072,-0.04256850623300801,random
0.06603952940113134,0.11530924669292048,0.1456448078037198,-0.054702631911386024,random
0.047324497208599325,0.12138677392121121,0.10133420664998377,-0.04557682355836312,random
0.11139636411881493,0.13076022398682247,0.21102875650948877,-0.035220199281751796,random
0.062083576128332485,0.13785255709590521,0.11620643548871493,-0.06548209865252663,random
0.012726899783457535,0.10965045312842737,0.0329366331628191,-0.05455112689928299,random
0.045321256496338114,0.13868759383401605,0.08615730854848955,-0.04818946850916361,random
0.0657378700607083,0.12696566026754097,0.1323966961184332,-0.04259242841540545,random
0.043132832265938115,0.1363363907781487,0.08356751111500867,-0.05538616794077367,random
0.038145839448054275,0.14434406900083196,0.07091022126569811,-0.07061578952691927,random
0.0990299873270577,0.13014066122145443,0.18995173363193163,-0.03631307057263422,random
0.0871664832745409,0.11536382263204009,0.18918853670180136,-0.04049956506693886,random
0.08321738682294,0.1271468669697325,0.16501202780321036,-0.03717507013611154,random
0.0648498337426664,0.13018354888755032,0.12767506394828945,-0.046857334212209834,random
0.06134815086545631,0.10665201780069582,0.14631459610507122,-0.03411734800969135,random
0.040738413771352455,0.11771782184833984,0.09053108003107767,-0.04878146132568173,random
0.035556539531042874,0.12152401288593045,0.0774088261589314,-0.040380238762278364,random
0.03512550703149753,0.14808597195227527,0.06429644415490075,-0.06363459775168678,random
0.048808719947242674,0.12386223530977532,0.10239647097308081,-0.04901371400074539,random
0.06184520416977368,0.1363905429908811,0.11693853357698453,-0.06169730607812163,random
0.04983065391499597,0.11443466287561734,0.1123938455154557,-0.04051696804735716,random
0.028077078633767405,0.11116905778341643,0.06723390666019916,-0.055296965576628,random
0.054028804938069275,0.117238961999652,0.11859744796110752,-0.033272303891229704,random
0.024745639324767588,0.10598715048870336,0.06234937729403791,-0.051570675780273745,random
0.016991225068647697,0.11502753615648507,0.041081952965403595,-0.047461741544064906,random
0.01666767387036261,0.1301978460402471,0.03654766724707045,-0.05165182822912184,random
0.08927206683206523,0.11313882260664467,0.19715231232647812,-0.03723974617533876,random
0.04655567685666662,0.12125254752967651,0.09987932780420765,-0.036271781506868384,random
0.05331514403776283,0.12442397999045342,0.11079592233825347,-0.04545599579182291,random
0.06387548877386307,0.1189954348437097,0.13698374780475192,-0.0351932216213684,random
-0.0048331220041017975,0.1314122421459487,-0.005362704612731591,-0.06492433542309095,random
0.04820379192325852,0.12287266687374704,0.1019380113269138,-0.041485978490615194,random
0.052072901230579394,0.12545909897387658,0.10752429986529344,-0.047604535236626555,random
0.07643971069077371,0.12211718298054691,0.15831516524282294,-0.03522846224255194,random
0.08727879016546769,0.13095129789262244,0.16777903484901036,-0.05363790356883269,random
0.059747816904121454,0.11827374022670892,0.12935703734442786,-0.044095248836457435,random
0.08115108089755618,0.11669784485803243,0.17491790144682115,-0.03720483178402956,random
0.06897091063608429,0.12488780734546953,0.14068874434023426,-0.04637261692108141,random
0.04851699881340621,0.12494154877330801,0.10099078258117664,-0.044538691222700155,random
0.07998955994558377,0.14414186820739847,0.14124598349700412,-0.04194398937805632,random
0.06921305255267529,0.10247679039204542,0.17047378209938585,-0.030298404645430654,random
0.03954802334995344,0.12545301842664555,0.08307891636945285,-0.060678007282849555,random
0.09981747934427165,0.12288890632250081,0.20218637776525147,-0.035958378380711364,random
0.07600558576930672,0.13353533944962323,0.14467627746053308,-0.04500675279186017,random
0.07833432942634411,0.12350759159667231,0.1602674197088427,-0.03872180692640981,random
0.043565444708843826,0.12057973716113136,0.09432267792520463,-0.03558117203008915,random
0.065193498483054,0.138849643140767,0.12083022254083814,-0.058440756720160136,random
0.004650154147071817,0.13385067858229607,0.013028408754491896,-0.059946987031627375,random
0.03267023364974997,0.12141411008481208,0.07157634039701737,-0.05688831465265498,random
0.09604637624973766,0.12174828803588542,0.19678054257049418,-0.03514236656685188,random
0.05533707085047013,0.12212307386235237,0.1167532983260926,-0.04359988969647022,random
0.06530396331193611,0.12951082062990196,0.1291405683389197,-0.03825303839440286,random
0.042531309417736196,0.10995656571056624,0.10043083564984845,-0.04024296138931538,random
0.05245626750528065,0.135281610287685,0.10100055217847846,-0.06818872359846695,random
0.05678112921252487,0.09693560424002641,0.1489475636221224,-0.030939484212959,random
0.05104550695012611,0.11522495691113932,0.11424432554903144,-0.04436293544126979,random
0.09939611419329841,0.13700330407256509,0.1814732621877761,-0.04566118522369855,random
0.040980731964237016,0.14146692534294264,0.0771001720359179,-0.04863001472641604,random
0.07290359456923157,0.11601915762891964,0.1589842954715692,-0.04307125938830991,random
0.11071578495358048,0.13314623474900195,0.20622280335519394,-0.04763172826505646,random
0.08800683404647969,0.1357224509114156,0.1634443405569629,-0.050932340143111876,random
0.08177370046082033,0.1117816236449038,0.18362229026115962,-0.04373876943982358,random
0.02136730786659702,0.12305796794795928,0.04781070226488085,-0.056940477829133807,random
0.06544782052915088,0.1285894052547588,0.13027645264988444,-0.04027897876635855,random
0.060553524150307014,0.13187578338267633,0.11828522074685555,-0.04501661919069244,random
0.046599541523775656,0.12538277723741856,0.0969351017750276,-0.042491847411993855,random
0.031852453100070344,0.1297662073883507,0.06591374885883083,-0.06545384982886593,random
0.06331680200598688,0.12670865933287379,0.12804837644238823,-0.04536936864197272,random
0.1310524322375306,0.1587349149658878,0.20373289541431888,-0.036844289583078504,random
0.061629767878288444,0.11384980155869641,0.13809326061372562,-0.04507312294305921,random
0.05788544013573782,0.11757711257333214,0.12624311635159524,-0.041027408890236594,random
0.05582085078405319,0.12601982672582296,0.11432285693436317,-0.04388731913206334,random
0.05691478779912651,0.1369328026976114,0.10779010015119297,-0.047606909754214444,random
0.03649269517989051,0.1315060625545057,0.07388780627967076,-0.06153751252009798,random
0.031333789176313465,0.11548190115771086,0.07200583883060035,-0.04689815056394775,random
0.033634067338814466,0.12018307234363403,0.0742208627759321,-0.053546602311302705,random
0.05490852473163188,0.12576159359534939,0.11277566563022552,-0.059754488718833154,random
0.08528674255132795,0.1262235942875286,0.1700404927769529,-0.043967301691923755,random
0.032790520847675086,0.1254727999395918,0.06975399928876412,-0.04653833400904883,random
0.09871291964078721,0.11577381946931718,0.21194390373588323,-0.04679705464480011,random
0.06058902963752266,0.12791984723099806,0.12176912046196708,-0.05415947804975896,random
0.07493983976774743,0.11864497123227359,0.15971045061728276,-0.03458923592543428,random
0.0732274762539653,0.125646924512779,0.14798728023354715,-0.037431633708463696,random
0.023120013878803247,0.09958720875708472,0.06186696431852342,-0.03965311408460892,random
0.058827226351674256,0.12071306108713213,0.125040821936895,-0.034285029739099415,random
0.05440239566713467,0.10706642003016141,0.13005418889539716,-0.034771719162157155,random
0.06198129387168905,0.1207649193800115,0.13129985300520838,-0.03411351187602729,random
0.0577797772749824,0.1256911308914277,0.11837309568397382,-0.042574033825021784,random
0.07104888640477647,0.13141486364866387,0.13788058138431736,-0.045263314225360674,random
0.06935310226609648,0.12384020344154219,0.1425472503215876,-0.035660782507578315,random
0.08362153875709866,0.10917449896842822,0.19184575436830825,-0.02924175569470444,random
0.06202537364547811,0.11559286984390849,0.1369515786940054,-0.037912847365952906,random
0.07849622133405898,0.1212898772342494,0.16337721928818885,-0.0355007729809903,random
0.05425308868558276,0.13552194231719747,0.10405690309782735,-0.04119615692448364,random
0.030191176773981976,0.11291612610408845,0.07096005048498938,-0.05488101234413045,random
0.033314755368313076,0.11757113489672195,0.07503512711404912,-0.049061993445879915,random
0.06137506959912287,0.13228918725845012,0.11944830649874043,-0.05445767213843167,random
0.08655638391925091,0.13170639535820022,0.1655738374442215,-0.041175167262879286,random
0.06287427801738144,0.11816409968280445,0.13585196338038433,-0.042952317688563446,random
0.09339126940585518,0.1399712727898513,0.1677676253406091,-0.04786165807928,random
0.05614923557521956,0.13310149880526076,0.1092574456489693,-0.05066162993073964,random
0.0228572368287292,0.11700528485718695,0.053091450527757364,-0.03910535997628095,random
0.06450694791734635,0.12448610795104062,0.1324929304747203,-0.03708344910787531,random
0.04891799161669841,0.1277516698803492,0.09971867374982553,-0.048452041775501775,random
0.035398481407354465,0.12277165990205056,0.07637594680475417,-0.04062052470924926,random
0.048087990586311635,0.12138834175734532,0.10286831140827131,-0.05399796273038515,random
0.0901838920565603,0.13400941840579747,0.16924024016595438,-0.041151547905566854,random
0.1306653196560652,0.12396039941300062,0.25774931580540966,-0.042436070615671895,random
0.05365337882570009,0.12731738248625338,0.10909929677820265,-0.040827414148905894,random
0.0601637449253869,0.12291432218559568,0.1255701122631417,-0.04114212787599547,random
0.021189841266706644,0.1346561571729095,0.0440557374564277,-0.047926568468970476,random
0.04205292706996766,0.10830469137571185,0.10077000922794936,-0.03491003942198889,random
0.03272139859455914,0.10891560823969872,0.07908940448995684,-0.04708663285062753,random
0.01784122918325859,0.12206978646309512,0.04088415261824647,-0.04502624474662931,random
0.03405689183770333,0.11958521549051006,0.0754351862689197,-0.04043981190471524,random
0.05775914482941791,0.12881072712847602,0.11566884524773013,-0.048395685640653,random
0.059195100002064294,0.11150568652805745,0.13557448430031802,-0.03670278796808801,random
0.08389074816842879,0.14454107172576544,0.14727691157985529,-0.05821417958368846,random
0.04527558261051223,0.14142753129354924,0.08457539400795594,-0.05457013552736101,random
0.08506968946831583,0.11265611683304441,0.18916825251696076,-0.028756403009778553,random
0.07209355881924351,0.14605406211197236,0.12662813461083916,-0.06139930929882709,random
0.05570199922115737,0.12993624315113428,0.1108873827572918,-0.04208509745836153,random
0.060142005648589514,0.14665447967700465,0.10656021740566751,-0.06739583942078775,random
0.12089345952216246,0.12200225118086246,0.24350431038072107,-0.03764638236036899,random
0.0012651166544648262,0.1608618179233188,0.007010178359359908,-0.08159803521602671,random
0.04309874545401193,0.1294818648803021,0.08748201830069707,-0.045908680483607855,random
0.0484635957654056,0.145953369605523,0.08758766956838152,-0.05591557088853005,random
0.06147806301858072,0.11745341272559336,0.13376874296764676,-0.04221870307625053,random
0.05267330095313216,0.11713788569818662,0.11587889196289745,-0.03559084845558902,random
0.06408828356484952,0.138110357343363,0.11949368601730327,-0.03900999219714352,random
0.10045295811507082,0.1184377385529646,0.21076488276400743,-0.03627574780134779,random
0.07017158504412824,0.1428094127013158,0.12608525735777062,-0.0539569393680015,random
0.09828775782071641,0.13474174071662237,0.18245886926390564,-0.03896436025937822,random
0.06005345739606405,0.11849687958759393,0.1297440740370026,-0.035710548847364576,random
0.05711818703780258,0.13900070315178553,0.10667450998148095,-0.04961325956586582,random
0.05263556233942168,0.11828111360779155,0.11475019936232243,-0.05204881549317175,random
0.08165346455373568,0.12946221623781065,0.15934419689760856,-0.054864472580207435,random
0.0472888501974047,0.1369868234247466,0.0906350588365093,-0.04048700622755952,random
0.06114453909801831,0.15217682839065963,0.10461913894302563,-0.05171386836822578,random
0.06550010777552373,0.12639567859618614,0.13250229411920825,-0.04039703459885069,random
0.05686737385013019,0.1492609958577138,0.09954368602671478,-0.050850932420054895,random
0.026764401032387752,0.11096445535667152,0.06439706758002209,-0.05328594311575219,random
0.08078859687901918,0.1323964343176209,0.1544469164366784,-0.04563278751090216,random
0.046958436343177645,0.12106789249222807,0.10084254633933606,-0.056751443457010886,random
0.05053080544418864,0.11791584728374407,0.11073519042177221,-0.04724830071699371,random
0.023231020201440078,0.15646349501603665,0.042448514356274,-0.072000492276863,random
0.023971836872508367,0.11471494730828023,0.05643714866614553,-0.03633682352031531,random
0.05558956725867459,0.11446444827907803,0.12461096314340282,-0.03914101681969273,random
0.041349176461846104,0.1365660865935322,0.08023087810950846,-0.051616981973806264,random
0.023576840245918662,0.12127954839964383,0.05296824036492931,-0.050293724624563274,random
0.08004515228647868,0.1381991583318696,0.14703280511399106,-0.060878704262907424,random
0.0783246725071054,0.11219116730083602,0.17567057596279073,-0.03655698490828163,random
0.0003789322185261401,0.11037581647525374,0.004304030528793923,-0.05704060548627343,random
0.027749424862447247,0.14053755672777504,0.05423712072612504,-0.06757077226329888,random
0.01798382476610949,0.12760275287802011,0.03973627173252816,-0.06102908373901972,random
0.01870885090925478,0.12574828995195655,0.04164767349314799,-0.047947147181672256,random
0.06546436174459869,0.1547103451050569,0.1097996519708719,-0.051229931842133536,random
0.056407106693296516,0.13581984578113263,0.10769925541053964,-0.04819264356330044,random
0.08146210026160361,0.14319847612942863,0.14456001714066063,-0.04710338836222194,random
0.06629477891949254,0.11839400695440902,0.14256066056161107,-0.045438003665413396,random
0.06582408177862864,0.10565101372195546,0.1578463640099606,-0.03270173794160769,random
0.08750567845121648,0.14318260113799253,0.15454741579048856,-0.04857158659162897,random
0.07404774849056417,0.12173081983058812,0.15411572034380977,-0.03976334979190044,random
0.05169073036113003,0.13083857937080617,0.10271920299950836,-0.036615064666691066,random
0.04146702210635578,0.11654724322001936,0.09289963842904339,-0.05261296723277975,random
0.0977824528057496,0.1298269264839555,0.18815567631386332,-0.04124479029489048,random
0.07263084947093734,0.12164619977788055,0.15142670875603303,-0.03532207101278473,random
0.035907693510596195,0.12972971679771636,0.07367594538920322,-0.06694228435406668,random
0.09138102311028806,0.13516813570263203,0.16994865255005995,-0.04681865086336545,random
0.06690819702736661,0.1232217851972917,0.13846942095922818,-0.04049870892701224,random
0.060200672243673425,0.13416204595933484,0.11577176122841962,-0.04815948750890264,random
0.06093280660363898,0.10747014486395051,0.1443191196025367,-0.03537044498234665,random
0.022484842465437138,0.1203526711798957,0.051047103138615234,-0.05314393166170661,random
0.06784905233400895,0.13739266419149834,0.1266593460431171,-0.04687371625227876,random
0.07487319636823697,0.13519686543383147,0.14100794299162422,-0.04492737200561092,random
0.07595439740431176,0.1216950310047431,0.15788560502482513,-0.04612394400364328,random
0.04646654896744451,0.11678483134210833,0.10323265434226836,-0.05625600805830888,random
0.039492988722829026,0.1269900001604256,0.08205943742448961,-0.0531742678388647,random
0.03630155340260455,0.11474806255834798,0.08315019302616325,-0.04212140009482712,random
0.08112733911667003,0.12903418207054176,0.15887848244964872,-0.039560503750088793,random
0.09144116471537922,0.1256421740353582,0.18233245668082862,-0.03355175580283243,random
0.05969137807312719,0.12339814108148087,0.12418853695791779,-0.03970076009866086,random
0.06646776354553663,0.13112366887571814,0.12978579745062743,-0.04783438884905766,random
0.04595441381505583,0.11613968791509188,0.10268640811351085,-0.04180277848741065,random
0.039135305259809794,0.11461005861991833,0.0893445398766622,-0.0450999726482324,random
0.0937147939937315,0.12026030660626402,0.19458572397118074,-0.035882373968706416,random
0.05820821150683986,0.1429112065039232,0.10585258553906687,-0.051996807869838735,random
0.006315270956902319,0.13544333598985114,0.016104826746756794,-0.05097198249845425,random
0.041173120066172686,0.13385302122063295,0.0813588686373658,-0.057316256637136576,random
0.07544805210583716,0.13271119488788405,0.14453646054570676,-0.04777637093821652,random
0.052556076311837785,0.11832499660281333,0.11456229498414944,-0.048739987661851614,random
0.06444396078399084,0.11712096392903823,0.14022475166189788,-0.03470009389162121,random
0.06876298281689719,0.11563604027411165,0.1509102903229826,-0.04408938309685162,random
0.08837252822798991,0.15227142940440833,0.1472093550490205,-0.045634571238045596,random
0.04953253034245475,0.11789124642674065,0.108690612848972,-0.037269326157127636,random
0.016767018793132138,0.12081776023065564,0.03898835164749321,-0.06627363530663755,random
0.0660805327079852,0.1121971116000481,0.14958548349004885,-0.039084020411133014,random
0.07397416736052964,0.10323915122878774,0.18029263766794845,-0.035549302586826204,random
0.11859674115223262,0.11496811323694194,0.2533881870725351,-0.0388970638739643,random
0.026060505213061802,0.10485656771021014,0.06608530802055845,-0.04418565918652062,random
0.0631052665833225,0.13420230677770495,0.12097220567700587,-0.04795598282060376,random
0.044604860174288774,0.12766414072325352,0.09150552197359131,-0.04333279250772448,random
0.04813440538459601,0.11790386378388039,0.1057836890507568,-0.047500128738823144,random
0.09099455072413565,0.11419740156300345,0.19893012891006687,-0.03282885349504583,random
0.10375325882035757,0.11682902783333242,0.22013378281496881,-0.033400819625499456,random
0.06260116607563981,0.1381730270939015,0.11686519353881039,-0.048840227255533275,random
0.061309368760811056,0.13167364170694604,0.11983813865695332,-0.04879539087390872,random
0.015192477306288588,0.11746696215797754,0.03651762877840882,-0.04581342568720359,random
0.019773700497180302,0.10189381335015216,0.05237299441055173,-0.040948867677690015,random
0.007247010173620616,0.13781077215308474,0.017702835686281233,-0.06627136976157633,random
0.024604912117812017,0.11364923463558095,0.05830167995838159,-0.04904394009648294,random
0.0710105034772488,0.13399568935529033,0.13530616360100187,-0.03452389495353125,random
0.11078200403972316,0.1264133116693034,0.2168911930824684,-0.04612595661939611,random
0.05764049472765631,0.13908512337602671,0.10752424494429284,-0.04648012817415881,random
0.08471171823908863,0.12191629274885675,0.17466103643941758,-0.03844696649281243,random
0.0924941492297624,0.1357865753296429,0.17113897355167745,-0.046373475684824195,random
0.023583106968040113,0.12401743395942666,0.05197722965237908,-0.04672746594781296,random
0.0516636722224213,0.14877100017272296,0.09134623438760436,-0.05134666453812442,random
0.06369123389015585,0.14318703769843696,0.11489929612006336,-0.05192932970177522,random
0.062250671830725635,0.1109555242687776,0.14286186120479705,-0.045307972165713584,random
0.06610263719833087,0.127258424840704,0.13279345451414587,-0.06046216792301262,random
0.04284279141568659,0.12413966182846352,0.09040663757489358,-0.04946863462846518,random
0.06141851393498943,0.11695110063756688,0.1341848783164833,-0.039411411511417915,random
0.07835376973879571,0.10501918409786516,0.1872785777268783,-0.032812580808855296,random
0.041604157716777834,0.119642967222356,0.09096997562438694,-0.04381600443475686,random
0.03026157819690667,0.12739014733896548,0.06388093799768216,-0.05476431833561135,random
0.06020623848941509,0.1312216307374932,0.11820063966964538,-0.052486352988745266,random
0.05695149818607459,0.1108906858681919,0.13138364737824723,-0.04259547030132471,random
0.027697964156998767,0.10925432822911477,0.06742691078913894,-0.03174462178747717,random
0.09504700594014803,0.12739913274822925,0.18656365792317844,-0.04083633943446163,random
0.06155923798201912,0.12614995695207118,0.12521007148637076,-0.047120930554012674,random
0.043850618270131925,0.12658493501261814,0.09076460624385854,-0.049191165155103356,random
0.05197806457205667,0.13920383496595923,0.09755654351708554,-0.04864257046452325,random
0.046554399848877104,0.1096782495071501,0.1096624964483058,-0.0416097333440999,random
0.08086085052013514,0.12242344981858232,0.16652335487340691,-0.0381998085840668,random
0.07249618402889269,0.12398687559488206,0.14845906930466574,-0.03992569566037596,random
0.06787213249378343,0.11463514371271123,0.1503019239000606,-0.044805562934070675,random
0.03552800565520431,0.10913209437629652,0.08531579852272304,-0.052282180078906615,random
0.07333222395390071,0.11248583474086246,0.16466147404057022,-0.051039906126351786,random
0.05661127732749871,0.11046713625791375,0.13111016280871396,-0.03748577504610595,random
0.10677129041888689,0.10518912640411203,0.25039268553378247,-0.02574649428377418,random
0.0673183237239281,0.1421027810471582,0.12184935557508747,-0.05655257952851778,random
0.06829592707517262,0.11478971737140913,0.15099436753026638,-0.04731796592199633,random
0.04286590931415479,0.1600498759750564,0.07212971254118522,-0.05728165427564447,random
0.043431291860076104,0.14897232218569015,0.07772897185199916,-0.06799681100788857,random
0.07660599961719261,0.12944058894635715,0.15010540474840858,-0.04509327801390872,random
0.10157798977150168,0.14201596570588962,0.17895753158541322,-0.05028578226474634,random
0.03928696793653175,0.1306661162848283,0.0795849405285297,-0.04348530473368439,random
0.0709097785743491,0.10762720152305306,0.16640013730078737,-0.04405507383086804,random
0.05866847058021141,0.1166931070731119,0.12876143783671498,-0.05176212031201366,random
0.06924037201042132,0.1174160989833039,0.14970481533593008,-0.05186739153927733,random
0.060612187472749435,0.13404200742645941,0.1166179188617137,-0.04398448591899373,random
0.021499713340161763,0.11141089022467279,0.052350004327621644,-0.04499860772518827,random
0.05740888928735344,0.1103283721261307,0.13302699995233208,-0.04935635869721333,random
0.04007371697254403,0.1259874113655218,0.08378875872891403,-0.04133256117867157,random
0.021773105740556797,0.10788927885298186,0.054470195843925685,-0.045468968557672906,random
0.05142147461932267,0.11629141957050332,0.11405380915555761,-0.03623814539283288,random
0.05252729514127674,0.09828395937081608,0.13646568331604478,-0.036042325474619274,random
0.05444648767226212,0.1322717838544764,0.10675925524900644,-0.03826546151608401,random
0.04748893175557223,0.13675363786296277,0.09113468613260596,-0.056059686031236566,random
0.038491296832695365,0.14108338317719502,0.0729435081338251,-0.055153201793903484,random
0.02381473954481672,0.13394522556171254,0.049156669373627365,-0.054639883934939126,random
0.04859975342879452,0.12491889727757818,0.10117388221633282,-0.04032342453257376,random
0.08652394352429393,0.11323049259597598,0.19127665659896373,-0.03280547114110477,random
0.06408445065723134,0.13427365649670214,0.12267142993835797,-0.04723334061828299,random
0.05629429339796954,0.12542208353771267,0.11573678439100586,-0.05073173955808097,random
0.06821380094499285,0.10797321393286242,0.15990329914063287,-0.03492008994189355,random
0.0561113473309407,0.12080934736243983,0.1194995268715307,-0.0353747201471426,random
0.05970052095336453,0.1286797575322205,0.11941815918659379,-0.042038705340992744,random
0.07986526157305107,0.13445371429183514,0.15058313036727264,-0.04542000874750762,random
0.07518397579454317,0.12624251087850116,0.15102239138550058,-0.039860279560875456,random
0.08393664926738498,0.13255699180170558,0.15989550034721298,-0.04227759057787195,random
0.0827862414187972,0.12075108288768657,0.1724986848708216,-0.03957970834936675,random
0.021226181355451068,0.13245650936847242,0.0447228393643219,-0.055629137090819736,random
0.07612522014735212,0.13476744950574063,0.1436503783453221,-0.04733518284964733,random
0.03593228051171837,0.11683548514219581,0.08100915390388806,-0.05514359341625119,random
0.04164664729361056,0.12456062873969348,0.0877644439822802,-0.0421748328980317,random
0.040915031189057816,0.12364865396783374,0.0868992088895074,-0.041337126109891265,random
0.018243146041391656,0.12713133122890435,0.040358108377496836,-0.05206307215203276,random
0.03581368809962715,0.12021104275586471,0.07869033837227855,-0.04649568103911239,random
0.07369254234896894,0.14488969026589057,0.13021729962016515,-0.0677413536390924,random
0.05084851742607932,0.13115756757794114,0.10093040136235806,-0.0417339642685185,random
0.08362586371834602,0.15027727223562734,0.14158448099232393,-0.04669070762754557,random
0.06851163138337313,0.11711537802234277,0.1485869829730122,-0.03616086886627601,random
0.06268727686230413,0.12590183449432193,0.12760778835226713,-0.039715741114042635,random
0.04440024015220967,0.13740312831606227,0.08524246551211402,-0.04631897509415728,random
0.024888321325313267,0.1277178925093713,0.053252178084875826,-0.043596777832460964,random
0.04816706730562892,0.1297394283479264,0.09689594344847262,-0.039663644239540274,random
0.07308702771677655,0.11002785736168295,0.16764724760988373,-0.033342554530742086,random
0.07135433104643663,0.13179349632371504,0.1380588468336718,-0.04882840590895865,random
0.05971691561556791,0.12071985199163962,0.1268201754135325,-0.04488222461407165,random
0.03500047302775777,0.11658146350588404,0.07918841412104509,-0.05479041058461287,random
0.022235532448360296,0.10658542125217023,0.056141087883133066,-0.04185474888155594,random
0.041242321283739836,0.1334671090849583,0.0816956275258114,-0.0442509972855164,random
0.08224923207147561,0.12862470369653156,0.16142568271242466,-0.042000863640728636,random
0.03653057796435788,0.12382257746780771,0.07805251567812482,-0.055203816430911434,random
0.04653062962198029,0.10590725350658463,0.11327944103301842,-0.031831055377257944,random
0.02862623422432642,0.12558261760707462,0.06144746789001538,-0.04496469749239196,random
0.10160918492902082,0.09756683514990605,0.25717290569654433,-0.028328136142610982,random
0.055787942606371876,0.13289033284318932,0.10876258210911946,-0.04526626761582875,random
0.1258819628483303,0.12638904311224378,0.24433837038945702,-0.04111885398452264,random
0.030361804107378765,0.1426514705556726,0.058122247896346395,-0.06979520047631693,random
0.06357630509566925,0.13658879984976866,0.11983462677039187,-0.03947898982820608,random
0.049687087864883406,0.12787680426736428,0.1011056130387585,-0.052343797175156914,random
0.03251958747360906,0.12891252934928824,0.06758149722586694,-0.04604941807718266,random
0.09146501497514725,0.1383071103040591,0.16642088602807387,-0.04631753751601031,random
0.056665772947295245,0.1269296978877569,0.11516703303419505,-0.04222217352280977,random
0.05710039745905071,0.11477718997593338,0.12748963141135583,-0.04691404896335993,random
0.06906112586373925,0.1464968175697768,0.12132100736626515,-0.048118101349008624,random
0.07325327482226429,0.10746063653568703,0.171864543066897,-0.029249800297927564,random
0.07483898845243298,0.11014322377137467,0.17128483968074415,-0.02865824575313536,random
0.02609206152496224,0.15163779666460545,0.04821307248453381,-0.07056551477700768,random
0.06579317509875948,0.12869703131898663,0.13082577464206507,-0.04718767977832139,random
0.04829749408780337,0.13373717682885763,0.09448977554827809,-0.04565940027163884,random
0.05003346058611968,0.12554536868872115,0.10350599752884063,-0.042933779197742106,random
0.029403772764037717,0.1340068366244104,0.0595400078704208,-0.057516653092099856,random
0.05981797895810037,0.12327946313948802,0.12454766493413193,-0.04694433730043723,random
0.10779223489259748,0.1481789814093897,0.18163192855831603,-0.05544337939061983,random
0.10077712809411232,0.10682866985811605,0.23361159981026186,-0.029059136304280697,random
0.06544925621570674,0.1320576177521855,0.12707613447359833,-0.041771335518095976,random
0.0402123850023719,0.12892624356454588,0.08231178631629231,-0.04195711219728693,random
0.053247318216278705,0.12421688854001216,0.11083127207608638,-0.04324507722574278,random
0.09012726166090901,0.1142976486736406,0.19698306989126663,-0.04211894740048505,random
0.10609370031668397,0.1244108346038394,0.21154138245276385,-0.038636231926306275,random
0.03521879380005721,0.11445503425935774,0.08100260657890809,-0.03783788317514836,random
0.03637517814164282,0.1334495832490536,0.07270964888341429,-0.0449563376258566,random
0.053987242207215846,0.1393547297445954,0.10096296158003022,-0.0513352908547855,random
0.015112403940465757,0.11794565598320406,0.03622582570340372,-0.059951366422278385,random
0.06543381106999413,0.11954406305789285,0.1395280589209732,-0.038700977048357066,random
0.05113743821291883,0.11312360001396282,0.11644138474289002,-0.03726326292661275,random
0.06313187191969649,0.11669181275397217,0.13800919400847697,-0.03821351880720947,random
0.04974925369284633,0.12907899496370187,0.10034996006775772,-0.05313694851334527,random
0.06816617828124127,0.1323964954031025,0.1317006932077824,-0.05335673752214298,random
0.04058746772848232,0.11995990055827882,0.08866296609098567,-0.038303788602095046,random
0.04957756715876682,0.11447057898954291,0.11182246116221421,-0.05410122830258657,random
0.07283126036265886,0.1334447125304132,0.13909273513204867,-0.041586902506052015,random
0.06715716827373375,0.1246947880550032,0.13740033866026705,-0.04068154841310179,random
0.04907640667478508,0.11215606009227098,0.11289383856335454,-0.03752084171617087,random
0.07583785968990764,0.11136545184802826,0.171612717078811,-0.0317901193138278,random
0.039333792304060866,0.10900490481633422,0.09402441216142918,-0.05102978790303214,random
0.07191997670153882,0.1243189775121573,0.14696662051732548,-0.0382222303342008,random
0.0686835406549684,0.13162551270450257,0.13336965353887215,-0.04969866923758104,random
0.05083793737759468,0.10709135911011386,0.1219206192708215,-0.028077669535763183,random
0.07691397436319614,0.12284229903140452,0.1583490991819546,-0.04133356521374287,random
0.1434906640258331,0.1364353415030078,0.2561212617678703,-0.043623970524522604,random
0.06836716912853547,0.15401020550297992,0.11477561726890342,-0.05752094784795614,random
0.09410036723089243,0.1119687043982368,0.2092674920951301,-0.03843184890423157,random
0.10152667797336856,0.12779012481476612,0.1978542319527344,-0.03980024416447592,random
0.05970801222666622,0.1113772954595091,0.13682766669020277,-0.029608274306126003,random
0.08521046464089799,0.12037210548046057,0.1777823317476711,-0.043600514642378685,random
0.04761105409538624,0.12093574085038568,0.10227146216522028,-0.047019556266621576,random
0.045852661707432185,0.13420204756403067,0.08973216020790077,-0.04625828956468192,random
0.036900513869832396,0.12564190999709254,0.07776074614276413,-0.049989829267675145,random
0.06714015675347929,0.12100259040409067,0.14132306626414323,-0.04168017165913862,random
0.0658849084425519,0.11428657053215431,0.14655761746794765,-0.037559301219922014,random
0.038717873803094216,0.12334987269294473,0.08269945192959749,-0.051111375473871345,random
0.07365550133471888,0.13876750489464448,0.13550318999296843,-0.04161024749872555,random
0.05792514251264902,0.11237489911459922,0.1318406632030697,-0.038065736666062056,random
0.024387831217451028,0.12501858673231925,0.053235074294232645,-0.06868277328957151,random
0.06774736922840319,0.12174595633790113,0.14171585233869982,-0.04419834811171308,random
0.06113604765469893,0.11099447331416665,0.14039038964387132,-0.03455476820870729,random
0.09331626897419931,0.11112230493152164,0.20915302508899722,-0.046005637886259776,random
0.027622895049984608,0.10299234638627282,0.07094675713820772,-0.043056161971679385,random
0.061735935051111746,0.11976112168835173,0.1318393716804794,-0.03981498072269629,random
0.05416443747836519,0.10579010515692082,0.13099914809371305,-0.04489629957806174,random
0.04326368698482819,0.1204193059705313,0.09381279470186622,-0.03556529874413672,random
0.03997403619228157,0.13294639743412554,0.07964818057438919,-0.048441419116732276,random
0.05998173242051541,0.1335500499851248,0.11587047759129872,-0.06705997488189763,random
0.139242235119025,0.12847378097983922,0.2640639026747812,-0.041766194280600466,random
0.1131005706590631,0.1352479747115104,0.207207927592884,-0.04319860879234072,random
0.046970406428817224,0.10429421618330739,0.11595693455983452,-0.03707140097378425,random
0.07585485125471725,0.10487816137690437,0.1818493467776201,-0.02750278250691196,random
0.0953548087256646,0.1165971747142073,0.20376312240565747,-0.03637545957124455,random
0.056878497827712815,0.1263647109906819,0.11605388311838792,-0.06180128485712433,random
0.09945067400349528,0.14017251701948752,0.17765596547662557,-0.039996028591871347,random
0.08008429699536612,0.11695887598223006,0.1723751289813027,-0.05149161068228891,random
0.05486207592231218,0.11619494167367818,0.12134628532543267,-0.038267345808632225,random
0.05562909654098047,0.1281711309207348,0.11217167866449261,-0.04175187744040654,random
0.0631843904805307,0.11141902360914686,0.1443099348696128,-0.03185887588554259,random
0.05270262308652485,0.10557047503414957,0.12788785474961445,-0.03451555696288233,random
0.00794138936481037,0.12157128645709078,0.02042784352310436,-0.05450425686367211,random
0.046441185455120326,0.12760286061700327,0.09507925577462575,-0.04413631811779062,random
0.062364550603207114,0.13368544009413477,0.12006373211571382,-0.05460681768918463,random
0.05770492179433084,0.1261384426988123,0.1178401941993875,-0.037524424252024735,random
0.06843445274714743,0.10048015776210385,0.17187859536444702,-0.04109294474889735,random
0.018412953820940103,0.11225012012560268,0.045106384777286415,-0.04584937033487124,random
0.06252289650574494,0.11918147422222752,0.1340384512571064,-0.04112850011531777,random
0.07915477207484978,0.14417484795122681,0.1398288037190672,-0.042669640696921696,random
0.03125686068991085,0.12397927486532895,0.06742644901618478,-0.05268608785805551,random
0.08767782364124277,0.14265571613375594,0.1553691941886689,-0.055604208711193204,random
0.06250531158889472,0.10596945422608166,0.14984045005100782,-0.030841971963938675,random
0.03650061071045885,0.122648095489466,0.07866874496158135,-0.0562339525468013,random
0.07443583812632593,0.12381706913332041,0.15238928949265784,-0.03868708275771049,random
0.07272430373197003,0.11489916376603115,0.16007638986588943,-0.04489954965540066,random
0.06268708411923529,0.13279569601759347,0.12139816037922622,-0.05380443200426255,random
0.04584588429414982,0.13868310067993214,0.08707880185145898,-0.04606377120916816,random
0.06876084634876722,0.1252290022342281,0.13992369539893335,-0.05393450339259476,random
0.022728968241798153,0.1300495246771327,0.04829353718096083,-0.04499144357198326,random
0.06341460979311786,0.13098275524845734,0.12430924291869114,-0.052911900677897195,random
0.09242162522315134,0.11638322012177633,0.198215739314495,-0.032323344679256905,random
0.05016188615897965,0.11725503369363005,0.11055450815633303,-0.04372405194568263,random
0.060109455364264486,0.12836686880258133,0.12047009248844327,-0.048329763920765934,random
0.06639113337920488,0.1362790616791762,0.12505691371555996,-0.043912301415822697,random
0.029795330466193537,0.12876111533663756,0.06238198135617456,-0.04989399162107222,random
0.07804300871503633,0.12443702383552949,0.1585695672854062,-0.039815994245288255,random
0.06160190978343838,0.11668850997085863,0.1348520486764535,-0.035941461891253024,random
0.04056670298643694,0.12804995815578832,0.08350805015846052,-0.05365443654298907,random
0.07295426742125244,0.11384687401997538,0.16199077806899953,-0.05233749212673555,random
0.05269877381968402,0.13705067163537607,0.1002337366251485,-0.04933396992041239,random
0.08471079241004142,0.15848179107003105,0.13636302496641878,-0.05667080153353776,random
0.04160858832816361,0.11966045836958451,0.09096767281445291,-0.047059802709554344,random
0.057467642523669094,0.14524062698105292,0.10304143826997293,-0.0512961362021912,random
0.04068784781529766,0.1138632839291932,0.09324238168420819,-0.03597673956236935,random
0.08035044871873631,0.13762238421859233,0.14814665264027244,-0.05326922584803717,random
0.06721223971997903,0.1107121647621965,0.15394889591169872,-0.036375005635167934,random
0.04875770590236206,0.1182005055122088,0.10683084850765763,-0.04430811688320668,random
0.08684898390971973,0.14061176890737728,0.15610875100817923,-0.04756114533039413,random
0.032166392077926265,0.15097571302064489,0.05838397415617826,-0.04330120119543357,random
0.07183751064515054,0.1385785842119648,0.13254836618672,-0.057006138865430156,random
0.07534911330923988,0.11356030138185025,0.16740558755748622,-0.037502608123850645,random
0.042892451030786205,0.12167202468025147,0.0921771888742429,-0.04496465609360367,random
0.07770709342874804,0.12418520944316074,0.15823864387923078,-0.054037714776089874,random
0.05823784027150647,0.12544688788187083,0.11947526344552908,-0.05453015539488337,random
0.07932634057334575,0.12687114386373138,0.1580864691672699,-0.04001764238560346,random
0.04824864785347516,0.11967470027058952,0.10456651939672722,-0.04249095279133386,random
0.04403758571950234,0.11875596965906217,0.09663080344737562,-0.04266588734927246,random
0.08496337914534569,0.134139404795465,0.1599063643386728,-0.043360376525334976,random
0.06875406053250566,0.13057216919052783,0.13450121608999913,-0.04057221738037475,random
0.03136252618187041,0.11937860125048945,0.06994836059981552,-0.042592666395948275,random
0.08125017813025615,0.09219387250645568,0.21994372066937845,-0.03294869635911313,random
0.0332812611666089,0.1056645566942897,0.0826281300869836,-0.04186735637164485,random
0.0664342860072038,0.12577545514143174,0.13489879210814543,-0.039205856016201523,random
0.05204237229302233,0.10730165120969055,0.12443109650710966,-0.051521986791221774,random
0.07291092645785091,0.12079297204785058,0.15300443620419482,-0.042617045581653024,random
0.04605228213238344,0.122157342846618,0.09818466502533313,-0.043326258547376595,random
0.06168010441105665,0.12041206096597304,0.13106071841848238,-0.04012881772783761,random
0.11137193743022289,0.11933480205873288,0.23045128493888678,-0.03369232765386032,random
0.08172505197196678,0.11593812272480693,0.17719290685627534,-0.03724911804485287,random
0.050140971894842234,0.11296590856172474,0.11443314419296605,-0.03775488912055924,random
0.0991012093877155,0.13319193168318486,0.18591352436173028,-0.04302748310855298,random
0.07155238180483958,0.13848422335167654,0.13214023858398227,-0.04415266634162707,random
0.08124907530872916,0.11186863420862594,0.18236865960187126,-0.0321657213953197,random
0.04241829434843791,0.12097839376118334,0.09170362274494598,-0.04941976847663587,random
0.06651188816924858,0.11314677797761626,0.1493012974902097,-0.04104918178451855,random
0.0429695717886609,0.12220582616609464,0.09197046281440105,-0.05039163876918418,random
0.08646776155796787,0.12261644370509486,0.17708786833460727,-0.03318502834160375,random
0.08918816332467583,0.119600606333382,0.1867174698345487,-0.032803969427077084,random
0.062310238660308936,0.126034104123195,0.12676098624604215,-0.05134481403932001,random
0.10071796511515929,0.15033145099150463,0.1682253503614057,-0.06564913521370097,random
0.07860944025437533,0.12276054291337049,0.16173058261680387,-0.04408355421241894,random
0.006815059735879814,0.11407614802511913,0.01878638147730788,-0.050871106157019064,random
0.08490207113058523,0.13811095718569505,0.15545350595342947,-0.04621338084251514,random
0.07823709583911187,0.12580483166886247,0.15729909777220608,-0.04705939825081651,random
0.0629572490309187,0.14317658082629156,0.11365929106943992,-0.048381624844648696,random
0.0243634666238417,0.11937200567298928,0.05534764316489808,-0.048907571896891655,random
0.06355472795149475,0.11834270868404648,0.13705324571915256,-0.04580266501238894,random
0.07834345335493986,0.11988036265937994,0.16490697833949206,-0.03623930773774231,random
0.03874059489643411,0.10902118977713535,0.09267481926598427,-0.05665868984519107,random
0.07440531745286383,0.13993834132109176,0.13573277067889453,-0.04567416833297011,random
0.0636039484023232,0.16028698327154622,0.10352130426625575,-0.052257307566991984,random
0.060392064754323016,0.12887963315979115,0.12055532762882061,-0.04640407973568328,random
0.04866211803089726,0.12791643083471213,0.09911277718930703,-0.05715544636049141,random
0.08837151996690351,0.10082088088060447,0.21833353302989195,-0.029618255272311766,random
0.06065509494199994,0.1281107306779883,0.12171690846236642,-0.04351118596846215,random
0.05979580997402123,0.10568752769970667,0.14403761554271516,-0.03351472827745949,random
0.06552340601736106,0.11944141371936182,0.13982287779205924,-0.04619603627442759,random
0.07809440097811371,0.10916312048214516,0.17986044315557242,-0.03601556304512943,random
0.07804231021029584,0.12015051990144474,0.16396109600058792,-0.05585938295579751,random
0.13810944096122335,0.12991098298834372,0.25926086584157476,-0.037288888606546555,random
0.04101680031040811,0.11952691061151499,0.08983581996958392,-0.0396510712343251,random
0.01934386854754666,0.09321331012804938,0.05552734883560024,-0.04381964016261952,random
0.07101984060774336,0.1380961872445655,0.1315595852625658,-0.04696916296408571,random
0.07496108425631198,0.11636166683152538,0.16275108977173317,-0.041128591512034074,random
0.0426806053140425,0.10247136791299648,0.10764483042056655,-0.03525783690791928,random
0.09930872118397338,0.1383435857086461,0.17965288077561897,-0.047035789831732844,random
0.02832126513788702,0.1217867154043281,0.06250160786200269,-0.05980122477847649,random
0.0705688960985058,0.1416769520325226,0.12769007194909615,-0.039651089338988865,random
0.053747969340228074,0.09868228884991218,0.13894937803526577,-0.033165166950896885,random
0.05731920301418181,0.1283266146676385,0.11523320196565358,-0.04647004231503027,random
0.04759056921986882,0.11184317033859362,0.10993833723910443,-0.034016017730342796,random
0.025852709298577192,0.15795370984950075,0.04628736525868947,-0.057833520730990795,random
0.06411345526786727,0.1323603979943488,0.12436557333254897,-0.037991007327644266,random
0.033425184606893144,0.11956956539262757,0.07412965634989159,-0.041926136795432445,random
0.07812802355459825,0.10929807596327822,0.17971523738270312,-0.030484699388244385,random
0.09258745365074117,0.11316604671128169,0.2039859695005471,-0.028485717880399553,random
0.07380030862370135,0.1213148522183215,0.15412238443337206,-0.039897383463989744,random
0.03627932603873574,0.12581661224954288,0.07644411563942481,-0.044319521465271516,random
0.06748885807533722,0.12205395657848762,0.1408694341588398,-0.04769108027586311,random
0.06423290158092732,0.13627392653131226,0.1212560883206419,-0.048877682848898485,random
0.08087297945095528,0.10927937643489355,0.1857170910847072,-0.034199817124895504,random
0.05671690697807241,0.14129207873528646,0.1043858528703939,-0.054110990602692755,random
0.053596113815719715,0.12603963669537616,0.1100127039060417,-0.04129890214809495,random
0.023903596248314507,0.13000392063574764,0.050565485222651946,-0.05878570111756165,random
0.03150056472830354,0.13171807761182244,0.06437863474302916,-0.04685713037689021,random
0.014402797906789555,0.15162645329471194,0.02885722284900749,-0.06643518263896042,random
0.09048451616855857,0.12365166257623388,0.1833302160396191,-0.04092095191574052,random
0.06823017560886102,0.11687809198167544,0.14829558829406136,-0.044436069965184344,random
0.06894247785862961,0.11337776014077784,0.15415499270367183,-0.05011263143524902,random
0.05533527943927474,0.11669885109808213,0.12183393848585623,-0.03831706057700124,random
0.05414352452145654,0.12646539627611902,0.11071972654581183,-0.04188539903058841,random
0.09920798140908871,0.14192208994682146,0.17517359110492628,-0.03918311550154596,random
0.05957909389726068,0.11787301153751022,0.12942193671482866,-0.0414705097274114,random
0.052804784736165455,0.10028247101714537,0.1345376055885938,-0.04932058256412453,random
0.07914940981171492,0.11508312603137713,0.1731432407338225,-0.03781881386618946,random
0.05537206491641711,0.13382065796193537,0.10730721282928586,-0.04322889736218427,random
0.052814327975736486,0.1299426813416383,0.10548564503260872,-0.0464672051353171,random
0.08707379427412909,0.105645529949942,0.2057502705739903,-0.03400785814219032,random
0.06314242085620192,0.1017875628425769,0.15725231470054798,-0.03377933684919421,random
0.07359235193947788,0.12097750785746662,0.1541242486601756,-0.04421847863573325,random
0.055285073129041296,0.1318980128006717,0.10858792786934081,-0.040578678579031635,random
0.051533577067612635,0.14658945696350972,0.09235237207893963,-0.06642638862454864,random
0.02220051084683572,0.12010581748528727,0.05054288742796826,-0.05209332601410466,random
0.0688037344090564,0.1259279829018155,0.13926468998599126,-0.046392817748604376,random
0.030353989441067375,0.11945201396360576,0.06781761813463132,-0.05607838753368288,random
0.0909342522983172,0.10871162571657077,0.20849385405340679,-0.028816227220354595,random
0.062424095922647194,0.11546287263717024,0.13792380002454652,-0.044117038853533685,random
0.048182983503702426,0.1284214816243712,0.09783677578655373,-0.0412238386916135,random
0.040105148633331034,0.11624324164266137,0.09024365552525794,-0.041907299525052455,random
0.06341500541769585,0.12729356222565927,0.12767882595475452,-0.0447992419827673,random
0.07295926991780521,0.14604322773200615,0.12805983875326682,-0.05470445309816707,random
0.09275636901395634,0.12808045155829537,0.18142503925839523,-0.038004195054778256,random
0.059162715901726726,0.12673864017112746,0.12010465371580997,-0.04089452116552261,random
0.06070834489593868,0.12217447764285487,0.127364885310533,-0.03874478418185634,random
0.04612354873519697,0.14664860302940033,0.08330110552480283,-0.052229536030664936,random
0.05889963599562997,0.10589528688944527,0.14172315222225498,-0.03529114041959658,random
0.05246579590465239,0.11246206383735073,0.11995281681874106,-0.04286397503236328,random
0.06080749735560853,0.12723385107648222,0.12279697232721405,-0.03677733577232267,random
0.06940299940034622,0.11792091357207744,0.14943360662567856,-0.0418848952101174,random
0.015012894057130799,0.12239319241438643,0.034975149658825325,-0.06620045944281483,random
0.03500998239722408,0.13844045165315544,0.06795630764153791,-0.04251920445747437,random
0.05615010477664972,0.10723067775388692,0.13382803170981408,-0.037481835659930796,random
0.06806653096577686,0.13301740202017515,0.13094007186713416,-0.04012931459673563,random
0.05124667858109766,0.129592300599349,0.10279720418111589,-0.04910957933038729,random
0.06343099185330492,0.11751021317863351,0.1377074749489251,-0.034821270607746424,random
0.021213893760561264,0.1389807042433029,0.04298496122618652,-0.06085840008559662,random
0.04282920508862764,0.14115055378953717,0.08047057035934392,-0.04520352645507775,random
0.07113488859605654,0.12446405669996537,0.1453005158836595,-0.0352309266745221,random
0.04244460107859105,0.12044901109127656,0.09212865233385771,-0.03888247949248935,random
0.021182549191406386,0.11464429412238984,0.05038137749005701,-0.047208553923971164,random
0.07843419394722773,0.1199542364197304,0.16499069466379784,-0.03704449878130689,random
0.057648971793624604,0.11083233075575548,0.1329715391516765,-0.044202343945696,random
0.041142093759135134,0.1164500898086132,0.09228852960268734,-0.03599979825898292,random
0.07140832249183893,0.11612325947119793,0.15576055517613988,-0.043496493655324486,random
0.04086462087288556,0.13900990424643217,0.07810210250931894,-0.06766218202854901,random
0.03319244487753559,0.1185892560807204,0.07419465114101202,-0.04202310136015963,random
0.06246622230185306,0.1075065131781367,0.14771114853141826,-0.041471900090046976,random
0.0718233492649909,0.13233094110447882,0.1383839825284313,-0.048259909586573,random
0.05569683989476193,0.14265745207970507,0.10174235929605692,-0.04486562536532557,random
0.04597676983380783,0.11959833839308576,0.09998113329612478,-0.04917494783959164,random
0.04651195625080251,0.1277457853761047,0.09512431982501271,-0.05438623588927827,random
0.08089602540912688,0.11247306218926538,0.18068345161109037,-0.03421824623878034,random
0.02790705846919117,0.1257393366711549,0.0599555054177631,-0.046080357328598165,random
0.09377659681172656,0.12301852168263407,0.19050576936620678,-0.03907903250641076,random
0.06680683216171013,0.13549911613754695,0.1264693979206488,-0.04537278198848693,random
0.020851922779155707,0.1331221803668715,0.04383383116468268,-0.04858277385928056,random
0.029133174289948327,0.125484741290548,0.06250553263573323,-0.043856532516127644,random
0.03540216961797715,0.12688280234530327,0.07415708419830322,-0.05596477123245969,random
0.03411100235975284,0.1349769511869541,0.0678265761518639,-0.04966315874012994,random
0.05975502836964619,0.12016440712942404,0.127449137445877,-0.035892664191014,random
0.042956733583024986,0.1100789110753474,0.10127766688388841,-0.03375904183528455,random
0.03855379277788784,0.11664023870762091,0.08667814463131458,-0.037594307031387664,random
0.04523994662626074,0.10577502291917813,0.11041965421908638,-0.0316411896203328,random
0.0698753343488081,0.12743947046903564,0.13972748999503112,-0.04207064138585648,random
0.07874999801995308,0.12421738774860613,0.1601927462789458,-0.041408110242841856,random
0.0671587336951418,0.10153370953101244,0.1671415370832876,-0.029450227931457018,random
-0.00044082174550708064,0.11986750892544634,0.0027744171372281277,-0.084080293575715,random
0.045320604738270376,0.11965033630875274,0.09860102814833945,-0.04126530646141324,random
0.046625539242963976,0.14040992100184488,0.08748572325606768,-0.061685064134030965,random
0.04283554103437148,0.10309086242764362,0.10740421433060625,-0.0337203271723403,random
0.05893825752069537,0.11769820335723284,0.128289344861632,-0.04274774827783123,random
0.04409309451420618,0.14037598475688773,0.08308590310100487,-0.06268431894648441,random
0.07435176698040702,0.1159393331342837,0.16206954987506036,-0.04128511207001384,random
0.13876975476790565,0.1310244028889578,0.25825504076430944,-0.037587987387247,random
0.06565633284065542,0.12927582369816543,0.13002089449723492,-0.051152210750799676,random
0.06552933692265972,0.12300761823187537,0.13599293873519075,-0.041350448819771235,random
0.05144224963661581,0.11485434422555886,0.11543338102875061,-0.038391201703894096,random
0.10468322102098893,0.13819260928637594,0.18889819219719597,-0.04931229435046358,random
0.03848739865515327,0.13417071190997054,0.0762496069696641,-0.0386897714000326,random
0.08455685562528337,0.14165372309896263,0.15120710138785884,-0.0526018241582924,random
0.052133528393505824,0.11970425892471662,0.11245859079184209,-0.03899656053001499,random
0.06971626736218761,0.11780295851517847,0.15020733599395988,-0.0424949457268301,random
0.053464850214050896,0.13321967739142276,0.10426999449683753,-0.04694552171590327,random
0.0215886059261301,0.14531370751212247,0.0421464869608462,-0.04667784004689801,random
0.05312016125568797,0.10605455915697053,0.12829796970617136,-0.03635953695705174,random
0.024734515214720254,0.108170910594493,0.061198962006358416,-0.035264999140149245,random
0.08871097636454839,0.11023699606097669,0.20096467089628187,-0.03235825167151696,random
0.0969655349115568,0.1265410444246713,0.19131778165818755,-0.035886807172662016,random
0.03926501114305636,0.12963863255569402,0.08010864375312948,-0.05438886099534124,random
0.058097105748338596,0.1192990336365303,0.12495344993694643,-0.035674324313100136,random
0.08288728478674878,0.13746163249276175,0.15266286125342896,-0.03758498289710177,random
0.06463243043007383,0.12453194373242028,0.13269659703878556,-0.04547911882437583,random
0.06981629340817652,0.12511429323590337,0.14205496728695857,-0.0393498904590589,random
0.06283355000100399,0.12409826496411824,0.12963862268430373,-0.039825024796097175,random
0.07661027004511634,0.1276408296497017,0.15212077708858865,-0.04110036291112784,random
0.06142357748114868,0.11123511010568321,0.1407259946247386,-0.032862787649609926,random
0.07219271282583062,0.13106874852216915,0.14030462295829793,-0.04870803273748758,random
0.06267020997280781,0.10917654193660643,0.14601082180190095,-0.03753469229396733,random
0.048230416042568613,0.14251991555871163,0.08908096514805643,-0.06899435350416949,random
0.07070716020670109,0.12808702671365962,0.14061304320878823,-0.044126138303275275,random
0.041404682865106235,0.13445660784127778,0.08145433311916721,-0.04706995902703115,random
0.03669203280137934,0.12695353818157942,0.07663119919345011,-0.04949007954196627,random
0.11672042269173266,0.11459071315359762,0.2504358047969183,-0.040543905092447874,random
0.058799455418762525,0.1270101578222466,0.1191735489497161,-0.04699265511527406,random
0.033475428016163766,0.12354072088004626,0.07209207592247256,-0.05125521413815515,random
0.08854599435465071,0.11787518146625929,0.1880712738992299,-0.03958465741285977,random
0.05451206935981423,0.10287608410951501,0.1353445261834897,-0.037444308041601815,random
0.06025302026409296,0.12593214814023795,0.1229113732647174,-0.03911307783813622,random
0.07028170198243822,0.12993804885891572,0.13794363840928778,-0.039485939810685156,random
0.059108493736893086,0.1423132225528934,0.10777459910091451,-0.0591971071278915,random
0.07220145391729416,0.11276372186033677,0.16187901474517882,-0.04818902607005093,random
0.05918503713241319,0.12616765469848248,0.120659501908828,-0.04465410556600469,random
0.03654503293193834,0.12105281674649594,0.07969563855241192,-0.037067398226423576,random
0.06258367945022902,0.11676464912978922,0.13679754151048149,-0.04198360398879353,random
0.06610520264788833,0.11141809523941347,0.15062950517164084,-0.039625969577164244,random
0.053438487065466944,0.11612374430909372,0.11843927669108406,-0.045869525525280785,random
0.042631999817173805,0.12250864487309404,0.09108390890081465,-0.04896213242478731,random
0.07049434235528684,0.12486345821685914,0.143641481131015,-0.043040850849715095,random
0.09745462413215744,0.11596384644141218,0.2090665986454287,-0.031783108860629516,random
0.017487365423019652,0.11398859278665609,0.04248559208996303,-0.05100549192948867,random
0.04030308977845909,0.13822500231534954,0.07749649162623239,-0.0476116366508712,random
0.05236172532385175,0.1277485604185999,0.10629176382794286,-0.044557834878869995,random
0.0916267883135109,0.13784171100330023,0.1672314267800619,-0.04357935437016114,random
0.02921114796140567,0.13433573647358726,0.059057161727544875,-0.07205535490907644,random
0.06113882262633363,0.13232228412390334,0.11898238846237201,-0.04369530964408208,random
0.0919668857134357,0.11336686897526163,0.2023593632225411,-0.03775533393867425,random
0.07346008839455687,0.1295769255567335,0.14416899404981587,-0.044413231592718594,random
0.07812522139211309,0.1108436345953908,0.1773071428240527,-0.037048285333473485,random
0.0718175091388451,0.12267063068759132,0.1486511647200885,-0.04559554418102829,random
0.08252933691338882,0.12635592156901948,0.16470437905252341,-0.038558285298106565,random
0.05903681268997052,0.15245210827123298,0.10110466033307278,-0.05253048357499779,random
0.06548013636377314,0.11773804389267556,0.14164527895175105,-0.03515435226378838,random
0.02404221399093487,0.12708495036546216,0.05181447556352005,-0.04853002895711955,random
0.07716571555168694,0.10573425042823915,0.18339089882421486,-0.03208096131656746,random
0.05360796965737347,0.11075886519409321,0.12420466046282776,-0.0375568524048886,random
0.08709995504042922,0.1299030720958651,0.16874907905028633,-0.040715757547096776,random
0.062037517062735636,0.11506693492744666,0.13756406171122085,-0.0407279394963771,random
0.027778981148055326,0.12772331329183662,0.05889815782322074,-0.058951190515496354,random
0.09199992549844516,0.13100996227082426,0.1761881095395021,-0.05260760697601319,random
0.07854783617857675,0.11718353440231627,0.16894929882717347,-0.03814152770683232,random
0.0631124714213942,0.11613077412892964,0.13860633105648962,-0.04648356248138652,random
0.06798313317418159,0.14645050485932848,0.11961268304852221,-0.05462471465392282,random
0.08525583741381193,0.10201489167994159,0.20863792635212203,-0.02910032152763542,random
0.05889080342302422,0.11927797372447003,0.1265841121843756,-0.04366282082108175,random
0.03905242072883963,0.12920884190944842,0.07994313333145532,-0.06832106381152525,random
0.0698661205982245,0.12829675382579322,0.1388348608347626,-0.04777333307098641,random
0.05669276716461247,0.13225732600676715,0.11090362654876408,-0.06304386626945246,random
0.04801632651880072,0.14290156532019924,0.08850013710986059,-0.04949956925940857,random
0.07494564430750761,0.11406200434948945,0.16586046940171445,-0.04015661312822294,random
0.06116107062411924,0.10474636105122788,0.1484256171927697,-0.0324902270243137,random
0.045040551481102975,0.1297166416691369,0.09101092490151173,-0.04781906839484673,random
0.047616969957096744,0.11601287144855578,0.106302433106247,-0.04741805181219605,random
0.06223236454741565,0.1385927392504189,0.11589117409519635,-0.0493394577193943,random
0.06471763055276814,0.12425389082424304,0.13313623543948125,-0.04401711878619474,random
0.051796680935334516,0.12516921845013626,0.1072218544390248,-0.039382841063543506,random
0.08835489559468268,0.1352267824856242,0.1646170856507618,-0.05011531722509033,random
0.07319651751001444,0.1332062713119888,0.13998793741885066,-0.04541813250604809,random
0.034830856465600135,0.11647284574800576,0.07889085231969271,-0.05887841353521006,random
0.05985387855211388,0.1266863431085652,0.1214719126629738,-0.04965310867062056,random
0.05362256826784928,0.12043991845705597,0.11482560076259425,-0.058577013521840304,random
0.07242293524931975,0.12929592191533867,0.14254443027485403,-0.05448593092038645,random
0.08329177890150796,0.12509132135301482,0.16774373780444593,-0.04493370509052008,random
0.062449526954992285,0.10442023283126105,0.15185128254109062,-0.03256574193165318,random
0.029123777970651687,0.10334230164769327,0.07435102040183447,-0.038220443468152565,random
0.07371684777862297,0.12356881112047684,0.1512912206393058,-0.037494783276536214,random
0.03949810351661509,0.11732381608438741,0.08820357494350592,-0.039619202153324595,random
0.06671671541022905,0.13368671847625746,0.12790482086360172,-0.04732195228681191,random
0.08223067494635883,0.12235310072486297,0.16926761635590615,-0.04132304325401215,random
0.07255493946011193,0.13269960907242948,0.13934287964901862,-0.05347201858830242,random
0.056173410258278045,0.1249220892378009,0.11594533583066015,-0.04997808729870956,random
0.1080487217041941,0.14537946689494213,0.185354760953925,-0.04789592285875344,random
0.07061485079178675,0.11320326588338338,0.15792022687845966,-0.0336842453467614,random
0.060077511686750906,0.12598276348929516,0.12253326072682838,-0.042992717800217295,random
0.03202054022404388,0.12771406186319925,0.06716910030999262,-0.05271710232344562,random
0.04971473455826669,0.1162075651099925,0.11054020427311766,-0.0540634201826079,random
0.03371059179472424,0.13429290855450426,0.06739656313698605,-0.06268263163381738,random
0.07184800052528795,0.1152548004758122,0.15779341466496863,-0.038640996948510975,random
0.03198927691176934,0.12677179841344213,0.06754278359016967,-0.04375515312749678,random
0.05065698324420054,0.15517852089960968,0.08638136683426538,-0.06686171137183272,random
0.10514385796012626,0.13214373749963393,0.19797297621227086,-0.05504169368252265,random
0.039091975015592695,0.12954361239527415,0.07983361817263385,-0.044367794072256994,random
0.031005665384076675,0.14485760809672313,0.058479865698220834,-0.0501117217771313,random
0.0906284937980546,0.10995259670950835,0.20556797794123371,-0.03762956032537257,random
0.05264676623758224,0.12057164648671649,0.11274352521562402,-0.04093829923059855,random
0.07480268970695203,0.1326973273859497,0.1433928958222547,-0.048359159170037636,random
0.07924498090913357,0.12413601385801142,0.16123736257551138,-0.03656387081836476,random
0.10284232466641052,0.10830043955004373,0.2349680985794456,-0.03402947168507564,random
0.056593151858114865,0.09900641907749558,0.14549443921704483,-0.03737802810910784,random
0.07214463389518055,0.11119910023284336,0.16393177610519583,-0.02927289989734405,random
0.06651983126653271,0.1483854359134118,0.11577856189626062,-0.05587731530536344,random
0.041155951744454855,0.12163914785869377,0.088691378818981,-0.047760543594695726,random
0.07885670690564339,0.1541665228514456,0.1309148378159513,-0.08034099226334168,random
0.057134077092493074,0.12679641021194413,0.11617386580001517,-0.04194698381795925,random
0.057023163389241516,0.10608033032441358,0.13719609364543497,-0.034421752813403206,random
0.08248659214623277,0.1448471763496299,0.14469195889522904,-0.05583286306915736,random
0.04173827866984747,0.11431817105014723,0.09515848971260407,-0.04862112251587125,random
0.030333215255219148,0.1217316798301397,0.06664114632242357,-0.039991348582429365,random
0.05760181665754116,0.11198531323515123,0.13157688558024563,-0.03780449828043597,random
0.08088255067463779,0.11424686463096648,0.177965769033347,-0.04258377906794042,random
0.05612013975212826,0.13791671065978806,0.10567929777207834,-0.045812297219572584,random
0.06870348142499627,0.1280608113194765,0.13689401157699185,-0.0441424733503053,random
0.10716671153541424,0.11324466213820568,0.23386977291618277,-0.02791879572515621,random
0.04226379456595497,0.13945600584645632,0.08034993206338016,-0.07436773729107116,random
0.030190296480686607,0.13051447606352026,0.06241721538728934,-0.06727867296387424,random
0.02522733892387352,0.11671865494380075,0.058289229039736275,-0.046439260243648195,random
0.0584397525496656,0.1352423354508572,0.11176536062059507,-0.05900915893511027,random
0.07462643131762237,0.13627382580132502,0.1395266582801344,-0.04671025340262258,random
0.05974445079321877,0.11020585221956337,0.13829839967102106,-0.04149333530200505,random
0.0704285804702125,0.12941946392067866,0.1387352293162115,-0.0414989865934029,random
0.023799706747881233,0.13450392008071838,0.04895879709932299,-0.046271892292815475,random
0.06254591922343211,0.1274853953579094,0.12585366240420984,-0.05265508709711708,random
0.06308965190383753,0.1251010176212395,0.12915411564064447,-0.04514279356809214,random
0.036217059613169456,0.12968643099947944,0.07428443097619057,-0.044616147134887374,random
0.0355926445261987,0.1488625312721463,0.06478795581411326,-0.06348936097297764,random
0.07058113137986854,0.13730617877914605,0.13150984931184784,-0.04241911867450232,random
0.08811079094704732,0.11682841335042314,0.18880347128755184,-0.029803738659988754,random
0.023483331641586558,0.11616688403459485,0.054767043630554714,-0.03672582454119078,random
0.06769694378836766,0.09904456386232688,0.17249320270176677,-0.03623742815794806,random
0.018412472790884316,0.1187380723074025,0.04303119659157628,-0.05183819446216198,random
0.07147101807900391,0.11884338284036092,0.15249226774132565,-0.040903983478639994,random
0.07988646376542885,0.13007828685404618,0.15541319419496147,-0.04702998723433138,random
0.06240666396358008,0.15840689578426542,0.10281855968501682,-0.06605010872400774,random
0.07728795360651164,0.11387983037340649,0.171019497823093,-0.049868116271240215,random
0.030933415310193668,0.12753181187965476,0.06513398623938253,-0.046296654558464545,random
0.0563533421246718,0.1201322325773957,0.12061977197004092,-0.03889204588327588,random
0.08389384635733954,0.11941366489168176,0.17654575022507682,-0.035729962026942674,random
0.045543470779994655,0.12427775286762377,0.09564096652772672,-0.04354456362063519,random
0.03351925667929212,0.14810742827044915,0.06160200125695422,-0.06843400055657023,random
0.08795166533486887,0.15418910073791525,0.14484471289430026,-0.061121522060406,random
0.05857706862513701,0.14144466224761076,0.10747359540747725,-0.05728540184122832,random
0.04408098968139984,0.12618873868413252,0.09147032562017139,-0.03882940068898688,random
0.0268748511342638,0.12952530330597856,0.056458608188657416,-0.0719036714070801,random
0.028510993009214225,0.12003521998346196,0.06370077230387147,-0.049248401433535594,random
0.06248329861227364,0.1162690162125162,0.13713748613320142,-0.04613931510133007,random
0.0765044333969731,0.1255762093782448,0.15428844417884446,-0.04255499559262965,random
0.04232566902761348,0.12385505294047953,0.08957136100803577,-0.05176345942790006,random
0.041821873701150425,0.12307875924258713,0.08907508412753623,-0.04002864730581157,random
0.09021256025913882,0.12104512296298775,0.18657668184699935,-0.03685886295481433,random
0.03166224815762653,0.1369980598414909,0.06252369218209163,-0.05216378550270995,random
0.04741397260047808,0.12860112141547672,0.09625371604827293,-0.05236129455073979,random
0.09048593529204219,0.10591218648363931,0.21283455133658585,-0.03371084686681647,random
0.056988891809630626,0.13056690343531105,0.11278956459447084,-0.05315337709161583,random
0.025979240655978897,0.15962329891052668,0.046103285112975054,-0.06439857810404181,random
0.06014409211797633,0.10826264476030752,0.1415409613199877,-0.02688852527792618,random
0.048043169419448306,0.11373222914713971,0.1092093762407889,-0.03678546648572223,random
0.11438136405820942,0.13841860101312467,0.20478227623886625,-0.03846022853228381,random
0.07872470484154093,0.12834902069999096,0.15523896169296764,-0.040759609253366635,random
0.11399921206675301,0.14319393196703448,0.19763232314201248,-0.04575135830566068,random
0.03455657314106153,0.13371646249178804,0.06922229679117109,-0.051896314052344295,random
0.061388884354795614,0.11827722776409648,0.13270927559010856,-0.04680173883313887,random
0.03338611528291091,0.12971450461197986,0.06886270953209678,-0.05045969165661701,random
0.08749252189289924,0.1136136943502934,0.1926630820389867,-0.0333589063753984,random
0.07794260913180939,0.12025701590886373,0.16361894216696593,-0.039169808032537334,random
0.03438470503898072,0.12172622539003179,0.0749064811501191,-0.046487804480297545,random
0.10032164352860273,0.13630341862136544,0.1839433527357738,-0.04927242419080258,random
0.04495071931158101,0.11314648307475475,0.10304198630780476,-0.03850528930039243,random
0.05628491855946094,0.13732565320908635,0.10639461423990167,-0.05123067884071408,random
0.09223926088370304,0.12461721346975112,0.18526942336975216,-0.037373177784840395,random
0.08163550339102832,0.13749420228989162,0.1504891544708401,-0.04029731854657481,random
0.0587556933811495,0.13811485906806367,0.11017741362327269,-0.04464333547006749,random
0.024861132087934834,0.11303759633020584,0.05914110942659608,-0.04570419379614743,random
0.10707888796996534,0.10256740824287527,0.2573232976550958,-0.02774286827781336,random
0.02734601431883754,0.11537583617685881,0.06346383396623366,-0.04622085019061439,random
0.05196057103929874,0.1402202685708725,0.09688053617970994,-0.05007396194032543,random
0.08673626097523046,0.11296747910046383,0.19215376727110337,-0.03289900124659151,random
0.04104509276938706,0.13328219392265583,0.081426461116853,-0.06783247352960609,random
0.0635996668121448,0.13168872261338477,0.12401810632186923,-0.04493323061023036,random
0.04937566091250134,0.12112385983816637,0.10567369857184278,-0.043495004659417136,random
0.061999182008807496,0.12398039865682164,0.1281309975946188,-0.04266708529684693,random
0.06417237366336348,0.10161100234499536,0.15995698187708443,-0.03270220881457497,random
0.0435667538029223,0.13065967195530556,0.08765184865926573,-0.04945338790306608,random
0.007436568781734154,0.13974755475432507,0.017917148260841502,-0.06419440689518596,random
0.0768571480961715,0.12377637625184433,0.15710076869315973,-0.04319420304110255,random
0.06312893854485724,0.1220907291948739,0.13222439137562303,-0.050203915493785334,random
0.039176243829712076,0.12122435671247807,0.08495371861294407,-0.04429546797548156,random
0.037085279008129746,0.11952949497127258,0.08172990270298226,-0.04108344901030736,random
